<?xml version="1.0" encoding="UTF-8"?>
<project-private xmlns="http://www.netbeans.org/ns/project-private/1">
    <editor-bookmarks xmlns="http://www.netbeans.org/ns/editor-bookmarks/2" lastBookmarkId="0"/>
    <open-files xmlns="http://www.netbeans.org/ns/projectui-open-files/2">
        <group>
            <file>file:/C:/Users/SYGMASERVIDOR/Desktop/uni%20chucho/Estructura/HerenciaSeleccionFutbol/src/Seleccion/SeleccionFutbol.java</file>
            <file>file:/C:/Users/SYGMASERVIDOR/Desktop/uni%20chucho/Estructura/HerenciaSeleccionFutbol/src/Seleccion/Futbolista.java</file>
            <file>file:/C:/Users/SYGMASERVIDOR/Desktop/uni%20chucho/Estructura/HerenciaSeleccionFutbol/src/Seleccion/Masajista.java</file>
            <file>file:/C:/Users/SYGMASERVIDOR/Desktop/uni%20chucho/Estructura/HerenciaSeleccionFutbol/src/Seleccion/Entrenador.java</file>
            <file>file:/C:/Users/SYGMASERVIDOR/Desktop/uni%20chucho/Estructura/HerenciaSeleccionFutbol/src/Seleccion/Main.java</file>
        </group>
    </open-files>
</project-private>
